filename,label,class_name
LEAF_0009.jpg,0,large_leaf
LEAF_0010.jpg,0,large_leaf
LEAF_0011.jpg,0,large_leaf
LEAF_0012.jpg,0,large_leaf
LEAF_0013.jpg,0,large_leaf
LEAF_0014.jpg,0,large_leaf
LEAF_0015.jpg,0,large_leaf
LEAF_0016.jpg,0,large_leaf
LEAF_0017.jpg,0,large_leaf
LEAF_0018.jpg,0,large_leaf
LEAF_0019.jpg,0,large_leaf
LEAF_0020.jpg,0,large_leaf
LEAF_0021.jpg,0,large_leaf
LEAF_0022.jpg,0,large_leaf
LEAF_0023.jpg,0,large_leaf
LEAF_0024.jpg,0,large_leaf
LEAF_0025.jpg,0,large_leaf
LEAF_0026.jpg,0,large_leaf
LEAF_0027.jpg,0,large_leaf
LEAF_0028.jpg,0,large_leaf
LEAF_0029.jpg,0,large_leaf
LEAF_0030.jpg,0,large_leaf
LEAF_0031.jpg,0,large_leaf
LEAF_0032.jpg,0,large_leaf
LEAF_0033.jpg,0,large_leaf
LEAF_0034.jpg,0,large_leaf
LEAF_0035.jpg,0,large_leaf
LEAF_0036.jpg,0,large_leaf
LEAF_0037.jpg,0,large_leaf
LEAF_0038.jpg,0,large_leaf
LEAF_0039.jpg,0,large_leaf
LEAF_0040.jpg,0,large_leaf
LEAF_0041.jpg,0,large_leaf
LEAF_0042.jpg,0,large_leaf
LEAF_0043.jpg,0,large_leaf
LEAF_0044.jpg,0,large_leaf
LEAF_0045.jpg,0,large_leaf
LEAF_0046.jpg,0,large_leaf
LEAF_0047.jpg,0,large_leaf
LEAF_0048.jpg,0,large_leaf
LEAF_0049.jpg,0,large_leaf
LEAF_0050.jpg,0,large_leaf
LEAF_0051.jpg,0,large_leaf
LEAF_0052.jpg,0,large_leaf
LEAF_0053.jpg,0,large_leaf
LEAF_0054.jpg,0,large_leaf
LEAF_0055.jpg,0,large_leaf
LEAF_0056.jpg,0,large_leaf
LEAF_0057.jpg,0,large_leaf
LEAF_0058.jpg,0,large_leaf
LEAF_0059.jpg,0,large_leaf
LEAF_0060.jpg,0,large_leaf
LEAF_0061.jpg,0,large_leaf
LEAF_0062.jpg,0,large_leaf
LEAF_0063.jpg,0,large_leaf
LEAF_0064.jpg,0,large_leaf
LEAF_0065.jpg,0,large_leaf
LEAF_0066.jpg,0,large_leaf
LEAF_0067.jpg,0,large_leaf
LEAF_0068.jpg,0,large_leaf
LEAF_0069.jpg,0,large_leaf
LEAF_0070.jpg,0,large_leaf
LEAF_0100.jpg,1,small_leaf
LEAF_0101.jpg,1,small_leaf
LEAF_0102.jpg,1,small_leaf
LEAF_0103.jpg,1,small_leaf
LEAF_0104.jpg,1,small_leaf
LEAF_0105.jpg,1,small_leaf
LEAF_0106.jpg,1,small_leaf
LEAF_0107.jpg,1,small_leaf
LEAF_0108.jpg,1,small_leaf
LEAF_0109.jpg,1,small_leaf
LEAF_0110.jpg,1,small_leaf
LEAF_0111.jpg,1,small_leaf
LEAF_0112.jpg,1,small_leaf
LEAF_0113.jpg,1,small_leaf
LEAF_0114.jpg,1,small_leaf
LEAF_0115.jpg,1,small_leaf
LEAF_0116.jpg,1,small_leaf
LEAF_0117.jpg,1,small_leaf
LEAF_0118.jpg,1,small_leaf
LEAF_0119.jpg,1,small_leaf
LEAF_0120.jpg,1,small_leaf
LEAF_0121.jpg,1,small_leaf
LEAF_0122.jpg,1,small_leaf
LEAF_0123.jpg,1,small_leaf
LEAF_0124.jpg,1,small_leaf
LEAF_0125.jpg,1,small_leaf
LEAF_0126.jpg,1,small_leaf
LEAF_0127.jpg,1,small_leaf
LEAF_0128.jpg,1,small_leaf
LEAF_0129.jpg,1,small_leaf
LEAF_0130.jpg,1,small_leaf
LEAF_0131.jpg,1,small_leaf
LEAF_0132.jpg,1,small_leaf
LEAF_0133.jpg,1,small_leaf
LEAF_0134.jpg,1,small_leaf
LEAF_0135.jpg,1,small_leaf
LEAF_0136.jpg,1,small_leaf
LEAF_0137.jpg,1,small_leaf
LEAF_0138.jpg,1,small_leaf
LEAF_0139.jpg,1,small_leaf
LEAF_0140.jpg,1,small_leaf
LEAF_0141.jpg,1,small_leaf
LEAF_0142.jpg,1,small_leaf
LEAF_0143.jpg,1,small_leaf
LEAF_0144.jpg,1,small_leaf
LEAF_0145.jpg,1,small_leaf
LEAF_0146.jpg,1,small_leaf
LEAF_0147.jpg,1,small_leaf
LEAF_0148.jpg,1,small_leaf
LEAF_0149.jpg,1,small_leaf
LEAF_0150.jpg,1,small_leaf
LEAF_0151.jpg,1,small_leaf
LEAF_0152.jpg,1,small_leaf
LEAF_0153.jpg,1,small_leaf
LEAF_0154.jpg,1,small_leaf
LEAF_0155.jpg,1,small_leaf
LEAF_0156.jpg,1,small_leaf
LEAF_0157.jpg,1,small_leaf
LEAF_0158.jpg,1,small_leaf
LEAF_0159.jpg,1,small_leaf
LEAF_0160.jpg,1,small_leaf
LEAF_0161.jpg,1,small_leaf
LEAF_0162.jpg,1,small_leaf
LEAF_0163.jpg,1,small_leaf
LEAF_0164.jpg,1,small_leaf
LEAF_0165.jpg,1,small_leaf
LEAF_0166.jpg,1,small_leaf
LEAF_0167.jpg,1,small_leaf
LEAF_0168.jpg,1,small_leaf
LEAF_0169.jpg,1,small_leaf
LEAF_0170.jpg,1,small_leaf
LEAF_0171.jpg,1,small_leaf
LEAF_0172.jpg,1,small_leaf
LEAF_0173.jpg,1,small_leaf
LEAF_0174.jpg,1,small_leaf
LEAF_0175.jpg,1,small_leaf
LEAF_0176.jpg,1,small_leaf
LEAF_0177.jpg,1,small_leaf
LEAF_0178.jpg,1,small_leaf
LEAF_0179.jpg,1,small_leaf
LEAF_0180.jpg,1,small_leaf
LEAF_0181.jpg,1,small_leaf
LEAF_0182.jpg,1,small_leaf
LEAF_0183.jpg,1,small_leaf
LEAF_0184.jpg,1,small_leaf
LEAF_0185.jpg,1,small_leaf
LEAF_0186.jpg,1,small_leaf
LEAF_0187.jpg,1,small_leaf
LEAF_0188.jpg,1,small_leaf
LEAF_0189.jpg,1,small_leaf
LEAF_0190.jpg,1,small_leaf
LEAF_0191.jpg,1,small_leaf
LEAF_0192.jpg,1,small_leaf
LEAF_0193.jpg,1,small_leaf
LEAF_0194.jpg,1,small_leaf
LEAF_0195.jpg,1,small_leaf
LEAF_0196.jpg,1,small_leaf
LEAF_0197.jpg,1,small_leaf
LEAF_0198.jpg,1,small_leaf
LEAF_0199.jpg,1,small_leaf
LEAF_0200.jpg,1,small_leaf
LEAF_0201.jpg,1,small_leaf
LEAF_0202.jpg,1,small_leaf
LEAF_0203.jpg,1,small_leaf
LEAF_0204.jpg,1,small_leaf
LEAF_0205.jpg,1,small_leaf
LEAF_0206.jpg,1,small_leaf
LEAF_0207.jpg,1,small_leaf
LEAF_0208.jpg,1,small_leaf
LEAF_0209.jpg,1,small_leaf
LEAF_0210.jpg,1,small_leaf
LEAF_0211.jpg,1,small_leaf
LEAF_0212.jpg,1,small_leaf
LEAF_0213.jpg,1,small_leaf
LEAF_0214.jpg,1,small_leaf
LEAF_0215.jpg,1,small_leaf
LEAF_0216.jpg,1,small_leaf
LEAF_0217.jpg,1,small_leaf
LEAF_0218.jpg,1,small_leaf
LEAF_0219.jpg,1,small_leaf
LEAF_0220.jpg,1,small_leaf
LEAF_0221.jpg,1,small_leaf
LEAF_0222.jpg,1,small_leaf
LEAF_0223.jpg,1,small_leaf
LEAF_0224.jpg,1,small_leaf
LEAF_0225.jpg,1,small_leaf
LEAF_0226.jpg,1,small_leaf
LEAF_0227.jpg,1,small_leaf
LEAF_0228.jpg,1,small_leaf
LEAF_0229.jpg,1,small_leaf
LEAF_0230.jpg,1,small_leaf
LEAF_0231.jpg,1,small_leaf
LEAF_0232.jpg,1,small_leaf
LEAF_0233.jpg,1,small_leaf
LEAF_0234.jpg,1,small_leaf
LEAF_0235.jpg,1,small_leaf
LEAF_0236.jpg,1,small_leaf
LEAF_0237.jpg,1,small_leaf
LEAF_0238.jpg,1,small_leaf
LEAF_0239.jpg,1,small_leaf
LEAF_0240.jpg,1,small_leaf
LEAF_0241.jpg,1,small_leaf
LEAF_0242.jpg,1,small_leaf
LEAF_0243.jpg,1,small_leaf
LEAF_0244.jpg,1,small_leaf
LEAF_0245.jpg,1,small_leaf
LEAF_0246.jpg,1,small_leaf
LEAF_0247.jpg,1,small_leaf
LEAF_0248.jpg,1,small_leaf
LEAF_0249.jpg,1,small_leaf
LEAF_0250.jpg,1,small_leaf
LEAF_0251.jpg,1,small_leaf
LEAF_0252.jpg,1,small_leaf
LEAF_0253.jpg,1,small_leaf
LEAF_0254.jpg,1,small_leaf
LEAF_0255.jpg,1,small_leaf
LEAF_0256.jpg,1,small_leaf
LEAF_0257.jpg,1,small_leaf
LEAF_0258.jpg,1,small_leaf
LEAF_0259.jpg,1,small_leaf
LEAF_0260.jpg,1,small_leaf
LEAF_0261.jpg,1,small_leaf
LEAF_0262.jpg,1,small_leaf
LEAF_0263.jpg,1,small_leaf
LEAF_0264.jpg,1,small_leaf
LEAF_0265.jpg,1,small_leaf
LEAF_0266.jpg,1,small_leaf
LEAF_0267.jpg,1,small_leaf
LEAF_0268.jpg,1,small_leaf
LEAF_0269.jpg,1,small_leaf
LEAF_0270.jpg,1,small_leaf
LEAF_0271.jpg,1,small_leaf
LEAF_0272.jpg,1,small_leaf
LEAF_0273.jpg,1,small_leaf
LEAF_0274.jpg,1,small_leaf
LEAF_0275.jpg,1,small_leaf
LEAF_0276.jpg,1,small_leaf
LEAF_0277.jpg,1,small_leaf
LEAF_0278.jpg,1,small_leaf
LEAF_0279.jpg,1,small_leaf
LEAF_0280.jpg,1,small_leaf
LEAF_0281.jpg,1,small_leaf
LEAF_0282.jpg,1,small_leaf
LEAF_0283.jpg,1,small_leaf
LEAF_0284.jpg,1,small_leaf
LEAF_0285.jpg,1,small_leaf
LEAF_0286.jpg,1,small_leaf
LEAF_0287.jpg,1,small_leaf
LEAF_0288.jpg,1,small_leaf
LEAF_0289.jpg,1,small_leaf
LEAF_0290.jpg,1,small_leaf
LEAF_0291.jpg,1,small_leaf
LEAF_0292.jpg,1,small_leaf
LEAF_0293.jpg,1,small_leaf
LEAF_0294.jpg,1,small_leaf
LEAF_0295.jpg,1,small_leaf
LEAF_0296.jpg,1,small_leaf
LEAF_0297.jpg,1,small_leaf
LEAF_0298.jpg,1,small_leaf
LEAF_0299.jpg,1,small_leaf
LEAF_0300.jpg,1,small_leaf
LEAF_0301.jpg,1,small_leaf
LEAF_0302.jpg,1,small_leaf
LEAF_0303.jpg,1,small_leaf
LEAF_0304.jpg,1,small_leaf
LEAF_0305.jpg,1,small_leaf
LEAF_0306.jpg,1,small_leaf
LEAF_0307.jpg,1,small_leaf
LEAF_0308.jpg,1,small_leaf
LEAF_0309.jpg,1,small_leaf
LEAF_0310.jpg,1,small_leaf
LEAF_0311.jpg,1,small_leaf
LEAF_0312.jpg,1,small_leaf
LEAF_0313.jpg,1,small_leaf
LEAF_0314.jpg,1,small_leaf
LEAF_0315.jpg,1,small_leaf
LEAF_0316.jpg,1,small_leaf
LEAF_0317.jpg,1,small_leaf
LEAF_0318.jpg,1,small_leaf
LEAF_0319.jpg,1,small_leaf
LEAF_0320.jpg,1,small_leaf
LEAF_0321.jpg,1,small_leaf
LEAF_0322.jpg,1,small_leaf
LEAF_0323.jpg,1,small_leaf
LEAF_0324.jpg,1,small_leaf
LEAF_0325.jpg,1,small_leaf
LEAF_0326.jpg,1,small_leaf
LEAF_0327.jpg,1,small_leaf
LEAF_0328.jpg,1,small_leaf
LEAF_0329.jpg,1,small_leaf
LEAF_0330.jpg,1,small_leaf
LEAF_0331.jpg,1,small_leaf
LEAF_0332.jpg,1,small_leaf
LEAF_0333.jpg,1,small_leaf
LEAF_0334.jpg,1,small_leaf
LEAF_0335.jpg,1,small_leaf
LEAF_0336.jpg,1,small_leaf
LEAF_0337.jpg,1,small_leaf
LEAF_0338.jpg,1,small_leaf
LEAF_0339.jpg,1,small_leaf
LEAF_0340.jpg,1,small_leaf
LEAF_0341.jpg,1,small_leaf
LEAF_0342.jpg,1,small_leaf
LEAF_0343.jpg,1,small_leaf
LEAF_0344.jpg,1,small_leaf
LEAF_0345.jpg,1,small_leaf
LEAF_0346.jpg,1,small_leaf
LEAF_0347.jpg,1,small_leaf
LEAF_0348.jpg,1,small_leaf
LEAF_0349.jpg,1,small_leaf
LEAF_0350.jpg,1,small_leaf
LEAF_0351.jpg,1,small_leaf
LEAF_0352.jpg,1,small_leaf
LEAF_0353.jpg,1,small_leaf
LEAF_0354.jpg,1,small_leaf
LEAF_0355.jpg,1,small_leaf
LEAF_0356.jpg,1,small_leaf
LEAF_0357.jpg,1,small_leaf
LEAF_0358.jpg,1,small_leaf
LEAF_0359.jpg,1,small_leaf
LEAF_0360.jpg,1,small_leaf
LEAF_0361.jpg,1,small_leaf
LEAF_0362.jpg,1,small_leaf
LEAF_0363.jpg,1,small_leaf
LEAF_0364.jpg,1,small_leaf
LEAF_0365.jpg,1,small_leaf
LEAF_0366.jpg,1,small_leaf
LEAF_0367.jpg,1,small_leaf
LEAF_0368.jpg,1,small_leaf
LEAF_0369.jpg,1,small_leaf
LEAF_0370.jpg,1,small_leaf
LEAF_0371.jpg,1,small_leaf
LEAF_0372.jpg,1,small_leaf
LEAF_0373.jpg,1,small_leaf
LEAF_0374.jpg,1,small_leaf
LEAF_0375.jpg,1,small_leaf
LEAF_0376.jpg,1,small_leaf
LEAF_0377.jpg,1,small_leaf
LEAF_0378.jpg,1,small_leaf
LEAF_0379.jpg,1,small_leaf
LEAF_0380.jpg,1,small_leaf
LEAF_0381.jpg,1,small_leaf
LEAF_0382.jpg,1,small_leaf
LEAF_0383.jpg,1,small_leaf
LEAF_0384.jpg,1,small_leaf
LEAF_0385.jpg,1,small_leaf
LEAF_0386.jpg,1,small_leaf
LEAF_0387.jpg,1,small_leaf
LEAF_0388.jpg,1,small_leaf
LEAF_0389.jpg,1,small_leaf
LEAF_0390.jpg,1,small_leaf
LEAF_0391.jpg,1,small_leaf
LEAF_0392.jpg,1,small_leaf
LEAF_0393.jpg,1,small_leaf
LEAF_0394.jpg,1,small_leaf
LEAF_0395.jpg,1,small_leaf
LEAF_0396.jpg,1,small_leaf
LEAF_0397.jpg,1,small_leaf
LEAF_0398.jpg,1,small_leaf
LEAF_0399.jpg,1,small_leaf
LEAF_0400.jpg,1,small_leaf
LEAF_0401.jpg,1,small_leaf
LEAF_0402.jpg,1,small_leaf
LEAF_0403.jpg,1,small_leaf
LEAF_0404.jpg,1,small_leaf
LEAF_0405.jpg,1,small_leaf
LEAF_0406.jpg,1,small_leaf
LEAF_0407.jpg,1,small_leaf
LEAF_0408.jpg,1,small_leaf
LEAF_0409.jpg,1,small_leaf
LEAF_0410.jpg,1,small_leaf
LEAF_0411.jpg,1,small_leaf
LEAF_0412.jpg,1,small_leaf
LEAF_0413.jpg,1,small_leaf
LEAF_0414.jpg,1,small_leaf
LEAF_0415.jpg,1,small_leaf
LEAF_0416.jpg,1,small_leaf
LEAF_0417.jpg,1,small_leaf
LEAF_0418.jpg,1,small_leaf
LEAF_0419.jpg,1,small_leaf
LEAF_0420.jpg,1,small_leaf
LEAF_0421.jpg,1,small_leaf
LEAF_0422.jpg,1,small_leaf
LEAF_0423.jpg,1,small_leaf
LEAF_0424.jpg,1,small_leaf
LEAF_0425.jpg,1,small_leaf
LEAF_0426.jpg,1,small_leaf
LEAF_0427.jpg,1,small_leaf
LEAF_0428.jpg,1,small_leaf
LEAF_0429.jpg,1,small_leaf
LEAF_0430.jpg,1,small_leaf
LEAF_0431.jpg,1,small_leaf
LEAF_0432.jpg,1,small_leaf
LEAF_0433.jpg,1,small_leaf
LEAF_0434.jpg,1,small_leaf
LEAF_0435.jpg,1,small_leaf
LEAF_0436.jpg,1,small_leaf
LEAF_0437.jpg,1,small_leaf
LEAF_0438.jpg,1,small_leaf
LEAF_0439.jpg,1,small_leaf
LEAF_0440.jpg,1,small_leaf
LEAF_0441.jpg,1,small_leaf
LEAF_0442.jpg,1,small_leaf
LEAF_0443.jpg,1,small_leaf
LEAF_0444.jpg,1,small_leaf
LEAF_0445.jpg,1,small_leaf
LEAF_0446.jpg,1,small_leaf
LEAF_0447.jpg,1,small_leaf
LEAF_0448.jpg,1,small_leaf
LEAF_0449.jpg,1,small_leaf
LEAF_0450.jpg,1,small_leaf
LEAF_0451.jpg,1,small_leaf
LEAF_0452.jpg,1,small_leaf
LEAF_0453.jpg,1,small_leaf
LEAF_0454.jpg,1,small_leaf
LEAF_0455.jpg,1,small_leaf
LEAF_0456.jpg,1,small_leaf
LEAF_0457.jpg,1,small_leaf
LEAF_0458.jpg,1,small_leaf
LEAF_0459.jpg,1,small_leaf
LEAF_0460.jpg,1,small_leaf
LEAF_0461.jpg,1,small_leaf
LEAF_0462.jpg,1,small_leaf
LEAF_0463.jpg,1,small_leaf
LEAF_0464.jpg,1,small_leaf
LEAF_0465.jpg,1,small_leaf
LEAF_0466.jpg,1,small_leaf
LEAF_0467.jpg,1,small_leaf
LEAF_0468.jpg,1,small_leaf
LEAF_0469.jpg,1,small_leaf
LEAF_0470.jpg,1,small_leaf
LEAF_0471.jpg,1,small_leaf
LEAF_0472.jpg,1,small_leaf
LEAF_0473.jpg,1,small_leaf
LEAF_0474.jpg,1,small_leaf
LEAF_0475.jpg,1,small_leaf
LEAF_0476.jpg,1,small_leaf
LEAF_0477.jpg,1,small_leaf
LEAF_0478.jpg,1,small_leaf
LEAF_0479.jpg,1,small_leaf
LEAF_0480.jpg,1,small_leaf
LEAF_0481.jpg,1,small_leaf
LEAF_0482.jpg,1,small_leaf
LEAF_0483.jpg,1,small_leaf
LEAF_0484.jpg,1,small_leaf
LEAF_0485.jpg,1,small_leaf
LEAF_0486.jpg,1,small_leaf
LEAF_0487.jpg,1,small_leaf
LEAF_0488.jpg,1,small_leaf
LEAF_0489.jpg,1,small_leaf
LEAF_0490.jpg,1,small_leaf
LEAF_0491.jpg,1,small_leaf
LEAF_0492.jpg,1,small_leaf
LEAF_0493.jpg,1,small_leaf
LEAF_0494.jpg,1,small_leaf
LEAF_0495.jpg,1,small_leaf
LEAF_0496.jpg,1,small_leaf
LEAF_0497.jpg,1,small_leaf
LEAF_0498.jpg,1,small_leaf
LEAF_0499.jpg,1,small_leaf
LEAF_0500.jpg,1,small_leaf
LEAF_0501.jpg,1,small_leaf
LEAF_0502.jpg,1,small_leaf
LEAF_0503.jpg,1,small_leaf
LEAF_0504.jpg,1,small_leaf
LEAF_0505.jpg,1,small_leaf
LEAF_0506.jpg,1,small_leaf
LEAF_0507.jpg,1,small_leaf
LEAF_0508.jpg,1,small_leaf
LEAF_0509.jpg,1,small_leaf
LEAF_0510.jpg,1,small_leaf
LEAF_0511.jpg,1,small_leaf
LEAF_0512.jpg,1,small_leaf
LEAF_0513.jpg,1,small_leaf
LEAF_0514.jpg,1,small_leaf
LEAF_0515.jpg,1,small_leaf
LEAF_0516.jpg,1,small_leaf
LEAF_0517.jpg,1,small_leaf
LEAF_0518.jpg,1,small_leaf
LEAF_0519.jpg,1,small_leaf
LEAF_0520.jpg,1,small_leaf
LEAF_0521.jpg,1,small_leaf
LEAF_0522.jpg,1,small_leaf
LEAF_0523.jpg,1,small_leaf
LEAF_0524.jpg,1,small_leaf
LEAF_0525.jpg,1,small_leaf
LEAF_0526.jpg,1,small_leaf
LEAF_0527.jpg,1,small_leaf
LEAF_0528.jpg,1,small_leaf
LEAF_0529.jpg,1,small_leaf
LEAF_0530.jpg,1,small_leaf
LEAF_0531.jpg,1,small_leaf
LEAF_0532.jpg,1,small_leaf
LEAF_0533.jpg,1,small_leaf
LEAF_0534.jpg,1,small_leaf
LEAF_0535.jpg,1,small_leaf
LEAF_0536.jpg,1,small_leaf
LEAF_0537.jpg,1,small_leaf
LEAF_0538.jpg,1,small_leaf
LEAF_0539.jpg,1,small_leaf
LEAF_0540.jpg,1,small_leaf
LEAF_0541.jpg,1,small_leaf
LEAF_0542.jpg,1,small_leaf
LEAF_0543.jpg,1,small_leaf
LEAF_0544.jpg,1,small_leaf
LEAF_0545.jpg,1,small_leaf
LEAF_0546.jpg,1,small_leaf
LEAF_0547.jpg,1,small_leaf
LEAF_0548.jpg,1,small_leaf
LEAF_0549.jpg,1,small_leaf
LEAF_0550.jpg,1,small_leaf
LEAF_0551.jpg,1,small_leaf
LEAF_0552.jpg,1,small_leaf
LEAF_0553.jpg,1,small_leaf
LEAF_0554.jpg,1,small_leaf
LEAF_0555.jpg,1,small_leaf
LEAF_0556.jpg,1,small_leaf
LEAF_0557.jpg,1,small_leaf
LEAF_0558.jpg,1,small_leaf
LEAF_0559.jpg,1,small_leaf
LEAF_0560.jpg,1,small_leaf
LEAF_0561.jpg,1,small_leaf
LEAF_0562.jpg,1,small_leaf
LEAF_0563.jpg,1,small_leaf
LEAF_0564.jpg,1,small_leaf
LEAF_0565.jpg,1,small_leaf
LEAF_0566.jpg,1,small_leaf
LEAF_0567.jpg,1,small_leaf
LEAF_0568.jpg,1,small_leaf
LEAF_0569.jpg,1,small_leaf
LEAF_0570.jpg,1,small_leaf
LEAF_0571.jpg,1,small_leaf
LEAF_0572.jpg,1,small_leaf
LEAF_0573.jpg,1,small_leaf
LEAF_0574.jpg,1,small_leaf
LEAF_0575.jpg,1,small_leaf
LEAF_0576.jpg,1,small_leaf
LEAF_0577.jpg,1,small_leaf
LEAF_0578.jpg,1,small_leaf
LEAF_0579.jpg,1,small_leaf
LEAF_0580.jpg,1,small_leaf
LEAF_0581.jpg,1,small_leaf
LEAF_0582.jpg,1,small_leaf
LEAF_0583.jpg,1,small_leaf
LEAF_0584.jpg,1,small_leaf
LEAF_0585.jpg,1,small_leaf
LEAF_0586.jpg,1,small_leaf
LEAF_0587.jpg,1,small_leaf
LEAF_0588.jpg,1,small_leaf
LEAF_0589.jpg,1,small_leaf
LEAF_0590.jpg,1,small_leaf
LEAF_0591.jpg,1,small_leaf
LEAF_0592.jpg,1,small_leaf
LEAF_0593.jpg,1,small_leaf
LEAF_0594.jpg,1,small_leaf
LEAF_0595.jpg,1,small_leaf
LEAF_0596.jpg,1,small_leaf
LEAF_0597.jpg,1,small_leaf
LEAF_0598.jpg,1,small_leaf
LEAF_0599.jpg,1,small_leaf
LEAF_0600.jpg,1,small_leaf
LEAF_0601.jpg,1,small_leaf
LEAF_0602.jpg,1,small_leaf
LEAF_0603.jpg,1,small_leaf
LEAF_0604.jpg,1,small_leaf
LEAF_0605.jpg,1,small_leaf
LEAF_0606.jpg,1,small_leaf
LEAF_0607.jpg,1,small_leaf
LEAF_0608.jpg,1,small_leaf
LEAF_0609.jpg,1,small_leaf
LEAF_0610.jpg,1,small_leaf
LEAF_0611.jpg,1,small_leaf
LEAF_0612.jpg,1,small_leaf
LEAF_0613.jpg,1,small_leaf
LEAF_0614.jpg,1,small_leaf
LEAF_0615.jpg,1,small_leaf
LEAF_0616.jpg,1,small_leaf
LEAF_0617.jpg,1,small_leaf
LEAF_0618.jpg,1,small_leaf
LEAF_0619.jpg,1,small_leaf
LEAF_0620.jpg,1,small_leaf
LEAF_0621.jpg,1,small_leaf
LEAF_0622.jpg,1,small_leaf
LEAF_0623.jpg,1,small_leaf
LEAF_0624.jpg,1,small_leaf
LEAF_0625.jpg,1,small_leaf
LEAF_0626.jpg,1,small_leaf
LEAF_0627.jpg,1,small_leaf
LEAF_0628.jpg,1,small_leaf
LEAF_0629.jpg,1,small_leaf
LEAF_0630.jpg,1,small_leaf
LEAF_0631.jpg,1,small_leaf
LEAF_0632.jpg,1,small_leaf
LEAF_0633.jpg,1,small_leaf
LEAF_0634.jpg,1,small_leaf
LEAF_0635.jpg,1,small_leaf
LEAF_0636.jpg,1,small_leaf
LEAF_0637.jpg,1,small_leaf
LEAF_0638.jpg,1,small_leaf
LEAF_0639.jpg,1,small_leaf
LEAF_0640.jpg,1,small_leaf
LEAF_0641.jpg,1,small_leaf
LEAF_0642.jpg,1,small_leaf
LEAF_0643.jpg,1,small_leaf
LEAF_0644.jpg,1,small_leaf
LEAF_0645.jpg,1,small_leaf
LEAF_0646.jpg,1,small_leaf
LEAF_0647.jpg,1,small_leaf
LEAF_0648.jpg,1,small_leaf
LEAF_0649.jpg,1,small_leaf
LEAF_0650.jpg,1,small_leaf
LEAF_0651.jpg,1,small_leaf
LEAF_0652.jpg,1,small_leaf
LEAF_0653.jpg,1,small_leaf
LEAF_0654.jpg,1,small_leaf
LEAF_0655.jpg,1,small_leaf
LEAF_0656.jpg,1,small_leaf
LEAF_0657.jpg,1,small_leaf
LEAF_0658.jpg,1,small_leaf
LEAF_0659.jpg,1,small_leaf
LEAF_0660.jpg,1,small_leaf
LEAF_0661.jpg,1,small_leaf
LEAF_0662.jpg,1,small_leaf
LEAF_0663.jpg,1,small_leaf
LEAF_0664.jpg,1,small_leaf
LEAF_0665.jpg,1,small_leaf
LEAF_0666.jpg,1,small_leaf
LEAF_0667.jpg,1,small_leaf
LEAF_0668.jpg,1,small_leaf
LEAF_0669.jpg,1,small_leaf
LEAF_0670.jpg,1,small_leaf
LEAF_0671.jpg,1,small_leaf
LEAF_0672.jpg,1,small_leaf
LEAF_0673.jpg,1,small_leaf
LEAF_0674.jpg,1,small_leaf
LEAF_0675.jpg,1,small_leaf
LEAF_0676.jpg,1,small_leaf
LEAF_0677.jpg,1,small_leaf
LEAF_0678.jpg,1,small_leaf
LEAF_0679.jpg,1,small_leaf
LEAF_0680.jpg,1,small_leaf
LEAF_0681.jpg,1,small_leaf
LEAF_0682.jpg,1,small_leaf
LEAF_0683.jpg,1,small_leaf
LEAF_0684.jpg,1,small_leaf
LEAF_0685.jpg,1,small_leaf
LEAF_0686.jpg,1,small_leaf
LEAF_0687.jpg,1,small_leaf
LEAF_0688.jpg,1,small_leaf
LEAF_0689.jpg,1,small_leaf
LEAF_0690.jpg,1,small_leaf
LEAF_0691.jpg,1,small_leaf
LEAF_0692.jpg,1,small_leaf
LEAF_0693.jpg,1,small_leaf
LEAF_0694.jpg,1,small_leaf
LEAF_0695.jpg,1,small_leaf
LEAF_0696.jpg,1,small_leaf
LEAF_0697.jpg,1,small_leaf
LEAF_0698.jpg,1,small_leaf
LEAF_0699.jpg,1,small_leaf
LEAF_0700.jpg,1,small_leaf
LEAF_0701.jpg,1,small_leaf
LEAF_0702.jpg,1,small_leaf
LEAF_0703.jpg,1,small_leaf
LEAF_0704.jpg,1,small_leaf
LEAF_0705.jpg,1,small_leaf
LEAF_0706.jpg,1,small_leaf
LEAF_0707.jpg,1,small_leaf
LEAF_0708.jpg,1,small_leaf
LEAF_0709.jpg,1,small_leaf
LEAF_0710.jpg,1,small_leaf
LEAF_0711.jpg,1,small_leaf
LEAF_0712.jpg,1,small_leaf
LEAF_0713.jpg,1,small_leaf
LEAF_0714.jpg,1,small_leaf
LEAF_0715.jpg,1,small_leaf
LEAF_0716.jpg,1,small_leaf
LEAF_0717.jpg,1,small_leaf
LEAF_0718.jpg,1,small_leaf
LEAF_0719.jpg,1,small_leaf
LEAF_0720.jpg,1,small_leaf
LEAF_0721.jpg,1,small_leaf
LEAF_0722.jpg,1,small_leaf
LEAF_0723.jpg,1,small_leaf
LEAF_0724.jpg,1,small_leaf
LEAF_0725.jpg,1,small_leaf
LEAF_0726.jpg,1,small_leaf
LEAF_0727.jpg,1,small_leaf
LEAF_0728.jpg,1,small_leaf
LEAF_0729.jpg,1,small_leaf
LEAF_0730.jpg,1,small_leaf
LEAF_0731.jpg,1,small_leaf
LEAF_0732.jpg,1,small_leaf
LEAF_0733.jpg,1,small_leaf
LEAF_0734.jpg,1,small_leaf
LEAF_0735.jpg,1,small_leaf
LEAF_0736.jpg,1,small_leaf
LEAF_0737.jpg,1,small_leaf
LEAF_0738.jpg,1,small_leaf
LEAF_0739.jpg,1,small_leaf
LEAF_0740.jpg,1,small_leaf
LEAF_0741.jpg,1,small_leaf
LEAF_0742.jpg,1,small_leaf
LEAF_0743.jpg,1,small_leaf
LEAF_0744.jpg,1,small_leaf
LEAF_0745.jpg,1,small_leaf
LEAF_0746.jpg,1,small_leaf
LEAF_0747.jpg,1,small_leaf
LEAF_0748.jpg,1,small_leaf
LEAF_0749.jpg,1,small_leaf
LEAF_0750.jpg,1,small_leaf
LEAF_0751.jpg,1,small_leaf
LEAF_0752.jpg,1,small_leaf
LEAF_0753.jpg,1,small_leaf
LEAF_0754.jpg,1,small_leaf
LEAF_0755.jpg,1,small_leaf
LEAF_0756.jpg,1,small_leaf
LEAF_0757.jpg,1,small_leaf
LEAF_0758.jpg,1,small_leaf
LEAF_0759.jpg,1,small_leaf
LEAF_0760.jpg,1,small_leaf
LEAF_0761.jpg,1,small_leaf
LEAF_0762.jpg,1,small_leaf
LEAF_0763.jpg,1,small_leaf
LEAF_0764.jpg,1,small_leaf
LEAF_0765.jpg,1,small_leaf
LEAF_0766.jpg,1,small_leaf
LEAF_0767.jpg,1,small_leaf
LEAF_0768.jpg,1,small_leaf
LEAF_0769.jpg,1,small_leaf
LEAF_0770.jpg,1,small_leaf
LEAF_0771.jpg,1,small_leaf
LEAF_0772.jpg,1,small_leaf
LEAF_0773.jpg,1,small_leaf
LEAF_0774.jpg,1,small_leaf
LEAF_0775.jpg,1,small_leaf
LEAF_0776.jpg,1,small_leaf
LEAF_0777.jpg,1,small_leaf
LEAF_0778.jpg,1,small_leaf
LEAF_0779.jpg,1,small_leaf
LEAF_0780.jpg,1,small_leaf
LEAF_0781.jpg,1,small_leaf
LEAF_0782.jpg,1,small_leaf
LEAF_0783.jpg,1,small_leaf
LEAF_0784.jpg,1,small_leaf
LEAF_0785.jpg,1,small_leaf
LEAF_0786.jpg,1,small_leaf
LEAF_0787.jpg,1,small_leaf
LEAF_0788.jpg,1,small_leaf
LEAF_0789.jpg,1,small_leaf
LEAF_0790.jpg,1,small_leaf
LEAF_0791.jpg,1,small_leaf
LEAF_0792.jpg,1,small_leaf
LEAF_0793.jpg,1,small_leaf
LEAF_0794.jpg,1,small_leaf
LEAF_0795.jpg,1,small_leaf
LEAF_0796.jpg,1,small_leaf
LEAF_0797.jpg,1,small_leaf
LEAF_0798.jpg,1,small_leaf
LEAF_0799.jpg,1,small_leaf
LEAF_0800.jpg,1,small_leaf
LEAF_0801.jpg,1,small_leaf
LEAF_0802.jpg,1,small_leaf
LEAF_0803.jpg,1,small_leaf
LEAF_0804.jpg,1,small_leaf
LEAF_0805.jpg,1,small_leaf
LEAF_0806.jpg,1,small_leaf
LEAF_0807.jpg,1,small_leaf
LEAF_0808.jpg,1,small_leaf
LEAF_0809.jpg,1,small_leaf
LEAF_0810.jpg,1,small_leaf
LEAF_0811.jpg,1,small_leaf
LEAF_0812.jpg,1,small_leaf
LEAF_0813.jpg,1,small_leaf
LEAF_0814.jpg,1,small_leaf
LEAF_0815.jpg,1,small_leaf
LEAF_0816.jpg,1,small_leaf
LEAF_0817.jpg,1,small_leaf
LEAF_0818.jpg,1,small_leaf
LEAF_0819.jpg,1,small_leaf
LEAF_0820.jpg,1,small_leaf
LEAF_0821.jpg,1,small_leaf
LEAF_0822.jpg,1,small_leaf
LEAF_0823.jpg,1,small_leaf
LEAF_0824.jpg,1,small_leaf
LEAF_0825.jpg,1,small_leaf
LEAF_0826.jpg,1,small_leaf
LEAF_0827.jpg,1,small_leaf
LEAF_0828.jpg,1,small_leaf
LEAF_0829.jpg,1,small_leaf
LEAF_0830.jpg,1,small_leaf
LEAF_0831.jpg,1,small_leaf
LEAF_0832.jpg,1,small_leaf
LEAF_0833.jpg,1,small_leaf
LEAF_0834.jpg,1,small_leaf
LEAF_0835.jpg,1,small_leaf
LEAF_0836.jpg,1,small_leaf
LEAF_0837.jpg,1,small_leaf
LEAF_0838.jpg,1,small_leaf
LEAF_0839.jpg,1,small_leaf
LEAF_0840.jpg,1,small_leaf
LEAF_0841.jpg,1,small_leaf
LEAF_0842.jpg,1,small_leaf
LEAF_0843.jpg,1,small_leaf
LEAF_0844.jpg,1,small_leaf
LEAF_0845.jpg,1,small_leaf
LEAF_0846.jpg,1,small_leaf
LEAF_0847.jpg,1,small_leaf
LEAF_0848.jpg,1,small_leaf
LEAF_0849.jpg,1,small_leaf
LEAF_0850.jpg,1,small_leaf
LEAF_0851.jpg,1,small_leaf
LEAF_0852.jpg,1,small_leaf
LEAF_0853.jpg,1,small_leaf
LEAF_0854.jpg,1,small_leaf
LEAF_0855.jpg,1,small_leaf
LEAF_0856.jpg,1,small_leaf
LEAF_0857.jpg,1,small_leaf
LEAF_0858.jpg,1,small_leaf
LEAF_0859.jpg,1,small_leaf
LEAF_0860.jpg,1,small_leaf
LEAF_0861.jpg,1,small_leaf
LEAF_0862.jpg,1,small_leaf
LEAF_0863.jpg,1,small_leaf
LEAF_0864.jpg,1,small_leaf
LEAF_0865.jpg,1,small_leaf
LEAF_0866.jpg,1,small_leaf
LEAF_0867.jpg,1,small_leaf
LEAF_0868.jpg,1,small_leaf
LEAF_0869.jpg,1,small_leaf
LEAF_0870.jpg,1,small_leaf
LEAF_0871.jpg,1,small_leaf
LEAF_0872.jpg,1,small_leaf
LEAF_0873.jpg,1,small_leaf
LEAF_0874.jpg,1,small_leaf
LEAF_0875.jpg,1,small_leaf
LEAF_0876.jpg,1,small_leaf
LEAF_0877.jpg,1,small_leaf
LEAF_0878.jpg,1,small_leaf
LEAF_0879.jpg,1,small_leaf
LEAF_0880.jpg,1,small_leaf
LEAF_0881.jpg,1,small_leaf
LEAF_0882.jpg,1,small_leaf
LEAF_0883.jpg,1,small_leaf
LEAF_0884.jpg,1,small_leaf
LEAF_0885.jpg,1,small_leaf
LEAF_0886.jpg,1,small_leaf
LEAF_0887.jpg,1,small_leaf
LEAF_0888.jpg,1,small_leaf
LEAF_0889.jpg,1,small_leaf
LEAF_0890.jpg,1,small_leaf
LEAF_0891.jpg,1,small_leaf
LEAF_0892.jpg,1,small_leaf
LEAF_0893.jpg,1,small_leaf
LEAF_0894.jpg,1,small_leaf
LEAF_0895.jpg,1,small_leaf
LEAF_0896.jpg,1,small_leaf
LEAF_0897.jpg,1,small_leaf
LEAF_0898.jpg,1,small_leaf
LEAF_0899.jpg,1,small_leaf
LEAF_0900.jpg,1,small_leaf
LEAF_0901.jpg,1,small_leaf
LEAF_0902.jpg,1,small_leaf
LEAF_0903.jpg,1,small_leaf
LEAF_0904.jpg,1,small_leaf
LEAF_0905.jpg,1,small_leaf
LEAF_0906.jpg,1,small_leaf
LEAF_0907.jpg,1,small_leaf
LEAF_0908.jpg,1,small_leaf
LEAF_0909.jpg,1,small_leaf
LEAF_0910.jpg,1,small_leaf
LEAF_0911.jpg,1,small_leaf
LEAF_0912.jpg,1,small_leaf
LEAF_0913.jpg,1,small_leaf
LEAF_0914.jpg,1,small_leaf
LEAF_0915.jpg,1,small_leaf
LEAF_0916.jpg,1,small_leaf
LEAF_0917.jpg,1,small_leaf
LEAF_0918.jpg,1,small_leaf
LEAF_0919.jpg,1,small_leaf
LEAF_0920.jpg,1,small_leaf
LEAF_0921.jpg,1,small_leaf
LEAF_0922.jpg,1,small_leaf
LEAF_0923.jpg,1,small_leaf
LEAF_0924.jpg,1,small_leaf
LEAF_0925.jpg,1,small_leaf
LEAF_0926.jpg,1,small_leaf
LEAF_0927.jpg,1,small_leaf
LEAF_0928.jpg,1,small_leaf
LEAF_0929.jpg,1,small_leaf
LEAF_0930.jpg,1,small_leaf
LEAF_0931.jpg,1,small_leaf
LEAF_0932.jpg,1,small_leaf
LEAF_0933.jpg,1,small_leaf
LEAF_0934.jpg,1,small_leaf
LEAF_0935.jpg,1,small_leaf
LEAF_0936.jpg,1,small_leaf
LEAF_0937.jpg,1,small_leaf
LEAF_0938.jpg,1,small_leaf
LEAF_0939.jpg,1,small_leaf
LEAF_0940.jpg,1,small_leaf
LEAF_0941.jpg,1,small_leaf
LEAF_0942.jpg,1,small_leaf
LEAF_0943.jpg,1,small_leaf
LEAF_0944.jpg,1,small_leaf
LEAF_0945.jpg,1,small_leaf
LEAF_0946.jpg,1,small_leaf
LEAF_0947.jpg,1,small_leaf
LEAF_0948.jpg,1,small_leaf
LEAF_0949.jpg,1,small_leaf
LEAF_0950.jpg,1,small_leaf
LEAF_0951.jpg,1,small_leaf
LEAF_0952.jpg,1,small_leaf
LEAF_0953.jpg,1,small_leaf
LEAF_0954.jpg,1,small_leaf
LEAF_0955.jpg,1,small_leaf
LEAF_0956.jpg,1,small_leaf
LEAF_0957.jpg,1,small_leaf
LEAF_0958.jpg,1,small_leaf
LEAF_0959.jpg,1,small_leaf
LEAF_0960.jpg,1,small_leaf
LEAF_0961.jpg,1,small_leaf
LEAF_0962.jpg,1,small_leaf
LEAF_0963.jpg,1,small_leaf
LEAF_0964.jpg,1,small_leaf
LEAF_0965.jpg,1,small_leaf
LEAF_0966.jpg,1,small_leaf
LEAF_0967.jpg,1,small_leaf
LEAF_0968.jpg,1,small_leaf
LEAF_0969.jpg,1,small_leaf
LEAF_0970.jpg,1,small_leaf
LEAF_0971.jpg,1,small_leaf
LEAF_0972.jpg,1,small_leaf
LEAF_0973.jpg,1,small_leaf
LEAF_0974.jpg,1,small_leaf
LEAF_0975.jpg,1,small_leaf
LEAF_0976.jpg,1,small_leaf
LEAF_0977.jpg,1,small_leaf
LEAF_0978.jpg,1,small_leaf
LEAF_0979.jpg,1,small_leaf
LEAF_0980.jpg,1,small_leaf
LEAF_0981.jpg,1,small_leaf
LEAF_0982.jpg,1,small_leaf
LEAF_0983.jpg,1,small_leaf
LEAF_0984.jpg,1,small_leaf
LEAF_0985.jpg,1,small_leaf
LEAF_0986.jpg,1,small_leaf
LEAF_0987.jpg,1,small_leaf
LEAF_0988.jpg,1,small_leaf
LEAF_0989.jpg,1,small_leaf
LEAF_0990.jpg,1,small_leaf
LEAF_0991.jpg,1,small_leaf
LEAF_0992.jpg,1,small_leaf
LEAF_0993.jpg,1,small_leaf
LEAF_0994.jpg,1,small_leaf
LEAF_0995.jpg,1,small_leaf
LEAF_0996.jpg,1,small_leaf
LEAF_0997.jpg,1,small_leaf
LEAF_0998.jpg,1,small_leaf
LEAF_0999.jpg,1,small_leaf
LEAF_1000.jpg,1,small_leaf
LEAF_1001.jpg,1,small_leaf
LEAF_1002.jpg,1,small_leaf
LEAF_1003.jpg,1,small_leaf
LEAF_1004.jpg,1,small_leaf
LEAF_1005.jpg,1,small_leaf
LEAF_1006.jpg,1,small_leaf
LEAF_1007.jpg,1,small_leaf
LEAF_1008.jpg,1,small_leaf
LEAF_1009.jpg,1,small_leaf
LEAF_1010.jpg,1,small_leaf
LEAF_1011.jpg,1,small_leaf
LEAF_1012.jpg,1,small_leaf
LEAF_1013.jpg,1,small_leaf
LEAF_1014.jpg,1,small_leaf
LEAF_1015.jpg,1,small_leaf
LEAF_1016.jpg,1,small_leaf
LEAF_1017.jpg,1,small_leaf
LEAF_1018.jpg,1,small_leaf
LEAF_1019.jpg,1,small_leaf
LEAF_1020.jpg,1,small_leaf
LEAF_1021.jpg,1,small_leaf
LEAF_1022.jpg,1,small_leaf
LEAF_1023.jpg,1,small_leaf
LEAF_1024.jpg,1,small_leaf
LEAF_1025.jpg,1,small_leaf
LEAF_1026.jpg,1,small_leaf
LEAF_1027.jpg,1,small_leaf
LEAF_1028.jpg,1,small_leaf
LEAF_1029.jpg,1,small_leaf
LEAF_1030.jpg,1,small_leaf
LEAF_1031.jpg,1,small_leaf
LEAF_1032.jpg,1,small_leaf
LEAF_1033.jpg,1,small_leaf
LEAF_1034.jpg,1,small_leaf
LEAF_1035.jpg,1,small_leaf
LEAF_1036.jpg,1,small_leaf
LEAF_1037.jpg,1,small_leaf
LEAF_1038.jpg,1,small_leaf
LEAF_1039.jpg,1,small_leaf
LEAF_1040.jpg,1,small_leaf
LEAF_1041.jpg,1,small_leaf
LEAF_1042.jpg,1,small_leaf
LEAF_1043.jpg,1,small_leaf
LEAF_1044.jpg,1,small_leaf
LEAF_1045.jpg,1,small_leaf
LEAF_1046.jpg,1,small_leaf
LEAF_1047.jpg,1,small_leaf
LEAF_1048.jpg,1,small_leaf
LEAF_1049.jpg,1,small_leaf
LEAF_1050.jpg,1,small_leaf
LEAF_1051.jpg,1,small_leaf
LEAF_1052.jpg,1,small_leaf
LEAF_1053.jpg,1,small_leaf
LEAF_1054.jpg,1,small_leaf
LEAF_1055.jpg,1,small_leaf
LEAF_1056.jpg,1,small_leaf
LEAF_1057.jpg,1,small_leaf
LEAF_1058.jpg,1,small_leaf
LEAF_1059.jpg,1,small_leaf
LEAF_1060.jpg,1,small_leaf
LEAF_1061.jpg,1,small_leaf
LEAF_1062.jpg,1,small_leaf
LEAF_1063.jpg,1,small_leaf
LEAF_1064.jpg,1,small_leaf
LEAF_1065.jpg,1,small_leaf
LEAF_1066.jpg,1,small_leaf
LEAF_1067.jpg,1,small_leaf
LEAF_1068.jpg,1,small_leaf
LEAF_1069.jpg,1,small_leaf
LEAF_1070.jpg,1,small_leaf
LEAF_1071.jpg,1,small_leaf
LEAF_1072.jpg,1,small_leaf
LEAF_1073.jpg,1,small_leaf
LEAF_1074.jpg,1,small_leaf
LEAF_1075.jpg,1,small_leaf
LEAF_1076.jpg,1,small_leaf
LEAF_1077.jpg,1,small_leaf
LEAF_1078.jpg,1,small_leaf
LEAF_1079.jpg,1,small_leaf
LEAF_1080.jpg,1,small_leaf
LEAF_1081.jpg,1,small_leaf
LEAF_1082.jpg,1,small_leaf
LEAF_1083.jpg,1,small_leaf
LEAF_1084.jpg,1,small_leaf
LEAF_1085.jpg,1,small_leaf
LEAF_1086.jpg,1,small_leaf
LEAF_1087.jpg,1,small_leaf
LEAF_1088.jpg,1,small_leaf
LEAF_1089.jpg,1,small_leaf
LEAF_1090.jpg,1,small_leaf
LEAF_1091.jpg,1,small_leaf
LEAF_1092.jpg,1,small_leaf
LEAF_1093.jpg,1,small_leaf
LEAF_1094.jpg,1,small_leaf
LEAF_1095.jpg,1,small_leaf
LEAF_1096.jpg,1,small_leaf
LEAF_1097.jpg,1,small_leaf
LEAF_1098.jpg,1,small_leaf
LEAF_1099.jpg,1,small_leaf
LEAF_1100.jpg,1,small_leaf
LEAF_1101.jpg,1,small_leaf
LEAF_1102.jpg,1,small_leaf
LEAF_1103.jpg,1,small_leaf
LEAF_1104.jpg,1,small_leaf
LEAF_1105.jpg,1,small_leaf
LEAF_1106.jpg,1,small_leaf
LEAF_1107.jpg,1,small_leaf
LEAF_1108.jpg,1,small_leaf
LEAF_1109.jpg,1,small_leaf
LEAF_1110.jpg,1,small_leaf
LEAF_1111.jpg,1,small_leaf
LEAF_1112.jpg,1,small_leaf
LEAF_1113.jpg,1,small_leaf
LEAF_1114.jpg,1,small_leaf
LEAF_1115.jpg,1,small_leaf
LEAF_1120.jpg,0,large_leaf
LEAF_1121.jpg,0,large_leaf
LEAF_1122.jpg,0,large_leaf
LEAF_1123.jpg,0,large_leaf
LEAF_1124.jpg,0,large_leaf
LEAF_1125.jpg,0,large_leaf
LEAF_1126.jpg,0,large_leaf
LEAF_1127.jpg,0,large_leaf
LEAF_1128.jpg,0,large_leaf
LEAF_1129.jpg,0,large_leaf
LEAF_1130.jpg,0,large_leaf
LEAF_1131.jpg,0,large_leaf
LEAF_1132.jpg,0,large_leaf
LEAF_1133.jpg,0,large_leaf
LEAF_1134.jpg,0,large_leaf
LEAF_1135.jpg,0,large_leaf
LEAF_1136.jpg,0,large_leaf
LEAF_1137.jpg,0,large_leaf
LEAF_1138.jpg,0,large_leaf
LEAF_1139.jpg,0,large_leaf
LEAF_1142.jpg,0,large_leaf
LEAF_1143.jpg,0,large_leaf
LEAF_1144.jpg,0,large_leaf
LEAF_1145.jpg,0,large_leaf
LEAF_1146.jpg,0,large_leaf
LEAF_1147.jpg,0,large_leaf
LEAF_1148.jpg,0,large_leaf
LEAF_1149.jpg,0,large_leaf
LEAF_1150.jpg,0,large_leaf
LEAF_1151.jpg,0,large_leaf
LEAF_1154.jpg,0,large_leaf
LEAF_1155.jpg,0,large_leaf
LEAF_1156.jpg,0,large_leaf
LEAF_1157.jpg,0,large_leaf
LEAF_1158.jpg,0,large_leaf
LEAF_1159.jpg,0,large_leaf
LEAF_1160.jpg,0,large_leaf
LEAF_1161.jpg,0,large_leaf
LEAF_1163.jpg,0,large_leaf
LEAF_1164.jpg,0,large_leaf
LEAF_1165.jpg,0,large_leaf
LEAF_1166.jpg,0,large_leaf
LEAF_1167.jpg,0,large_leaf
LEAF_1168.jpg,0,large_leaf
LEAF_1169.jpg,0,large_leaf
LEAF_1170.jpg,0,large_leaf
LEAF_1171.jpg,0,large_leaf
LEAF_1172.jpg,0,large_leaf
LEAF_1173.jpg,0,large_leaf
LEAF_1174.jpg,0,large_leaf
LEAF_1175.jpg,0,large_leaf
LEAF_1176.jpg,0,large_leaf
LEAF_1177.jpg,0,large_leaf
LEAF_1178.jpg,0,large_leaf
